Aadorf
Aarau
Aarberg
Aarburg
Aarwangen
Abtwil
Aclens
Acquarossa
Adelboden
Adligenswil
Adlikon
Adliswil
Aedermannsdorf
Aefligen
Aegerten
Aesch (BL)
Aesch (LU)
Aesch (ZH)
Aeschi (SO)
Aeschi bei Spiez
Aeugst am Albis
Affeltrangen
Affoltern am Albis
Affoltern im Emmental
Agarn
Agiez
Agno
Aigle
Aire-la-Ville
Airolo
Alberswil
Albinen
Albula
Alvra
Alchenstorf
Allaman
Alle
Allmendingen
Allschwil
Alpnach
Alpthal
Altbüron
Altdorf (UR)
Altendorf
Alterswil
Altikon
Altishofen
Altnau
Alto Malcantone
Altstätten
Altwis
Amden
Amlikon-Bissegg
Ammerswil
Amriswil
Amsoldingen
Andeer
Andelfingen
Andermatt
Andwil (SG)
Anières
Anniviers
Anwil
Appenzell
Apples
Aranno
Arbaz
Arbedo-Castione
Arboldswil
Arbon
Arch
Arconciel
Ardon
Arisdorf
Aristau
Arlesheim
Arnex-sur-Nyon
Arnex-sur-Orbe
Arni (AG)
Arni (BE)
Arogno
Arosa
Arth
Arzier-Le Muids
Ascona
Assens
Astano
Attalens
Attinghausen
Attiswil
Au (SG)
Aubonne
Auboranges
Auenstein
Augst
Ausserberg
Auswil
Autigny
Auw
Avegno Gordevio
Avenches
Avers
Avry
Avully
Avusy
Ayent
Baar
Bachenbülach
Bachs
Bad Ragaz
Bad Zurzach
Baden
Bagnes
Baldingen
Balerna
Balgach
Ballaigues
Ballens
Ballwil
Balm bei Günsberg
Balsthal
Baltschieder
Bannwil
Bardonnex
Bäretswil
Bargen (BE)
Bargen (SH)
Bäriswil
Bärschwil
Basadingen-Schlattingen
Basel
Bas-Intyamon
Basse-Allaine
Bassersdorf
Bassins
Bätterkinden
Bättwil
Bauen
Baulmes
Bauma
Bavois
Beatenberg
Beckenried
Bedano
Bedigliora
Bedretto
Beggingen
Begnins
Beinwil (Freiamt)
Beinwil (SO)
Beinwil am See
Belfaux
Bellach
Bellevue
Bellikon
Bellinzona
Bellmund
Bellwald
Belmont-Broye
Belmont-sur-Lausanne
Belmont-sur-Yverdon
Belp
Belprahon
Benken (SG)
Benken (ZH)
Bennwil
Bercher
Berg (SG)
Berg (TG)
Berg am Irchel
Bergdietikon
Bergün Filisur
Berikon
Beringen
Berken
Berlingen
Bern
Berneck
Bernex
Berolle
Beromünster
Besenbüren
Bettenhausen
Bettens
Bettingen
Bettlach
Bettmeralp
Bettwiesen
Bettwil
Beurnevésin
Bever
Bex
Biasca
Biberist
Biberstein
Bichelsee-Balterswil
Biel
Bienne
Biel-Benken
Bière
Biezwil
Biglen
Billens-Hennens
Binn
Binningen
Bioggio
Bioley-Magnoux
Bioley-Orjulaz
Birmensdorf (ZH)
Birmenstorf (AG)
Birr
Birrhard
Birrwil
Birsfelden
Birwinken
Bischofszell
Bissone
Bister
Bitsch
Blatten
Blauen
Bleienbach
Blenio
Blonay
Blumenstein
Böbikon
Böckten
Bodio
Boécourt
Bofflens
Bogis-Bossey
Bolken
Bolligen
Boltigen
Bonaduz
Boncourt
Bonfol
Bönigen
Boningen
Boniswil
Bonstetten
Bonvillars
Boppelsen
Borex
Bosco
Gurin
Bösingen
Bossonnens
Boswil
Bottens
Bottenwil
Botterens
Bottighofen
Bottmingen
Böttstein
Boudry
Bougy-Villars
Boulens
Bourg-en-Lavaux
Bourg-Saint-Pierre
Bournens
Bourrignon
Boussens
Bovernier
Bowil
Bözberg
Bözen
Braunau
Bregaglia
Breggia
Breil
Brigels
Breitenbach
Bremblens
Bremgarten (AG)
Bremgarten bei Bern
Brenzikofen
Bretigny-sur-Morrens
Bretonnières
Bretzwil
Brienz (BE)
Brienzwiler
Brig-Glis
Brione (Verzasca)
Brione sopra Minusio
Brislach
Brissago
Brittnau
Broc
Brot-Plamboz
Brugg
Brügg
Brunegg
Brünisried
Brusino Arsizio
Brusio
Brüttelen
Brütten
Bubendorf
Bubikon
Buch (SH)
Buch am Irchel
Buchberg
Buchegg
Buchholterberg
Buchillon
Buchrain
Buchs (AG)
Buchs (SG)
Buchs (ZH)
Buckten
Büetigen
Bühl
Bühler
Bülach
Bulle
Bullet
Bünzen
Buochs
Bürchen
Bure
Büren (SO)
Büren an der Aare
Burg (AG)
Burg im Leimental
Burgdorf
Burgistein
Bürglen (TG)
Bürglen (UR)
Büron
Bursinel
Bursins
Burtigny
Buseno
Büsserach
Bussigny
Bussnang
Busswil bei Melchnau
Bussy-Chardonney
Bussy-sur-Moudon
Bütschwil-Ganterschwil
Büttenhardt
Büttikon
Buttisholz
Buttwil
Buus
Cademario
Cadempino
Cadenazzo
Calanca
Cama
Campo (Vallemaggia)
Canobbio
Capriasca
Carouge (GE)
Cartigny
Caslano
Castaneda
Castel San Pietro
Casti-Wergenstein
Cazis
Celerina
Schlarigna
Céligny
Centovalli
Cerentino
Cevio
Chalais
Cham
Chamblon
Chamoson
Champagne
Champéry
Champoz
Champtauroz
Champvent
Chancy
Chapelle (Glâne)
Chardonne
Charrat
Château-d'Oex
Châtel-Saint-Denis
Châtel-sur-Montsalvens
Châtillon (FR)
Châtillon (JU)
Châtonnaye
Chavannes-de-Bogis
Chavannes-des-Bois
Chavannes-le-Chene
Chavannes-le-Veyron
Chavannes-près-Renens
Chavannes-sur-Moudon
Chavornay
Cheiry
Chene-Bougeries
Chene-Bourg
Chénens
Chene-Pâquier
Cheseaux-Noréaz
Cheseaux-sur-Lausanne
Chéserex
Chessel
Chevilly
Chevroux
Chexbres
Cheyres-Châbles
Chiasso
Chigny
Chippis
Choulex
Chur
Churwalden
Clarmont
Clavaleyres
Clos du Doubs
Coeuve
Coinsins
Coldrerio
Collex-Bossy
Collina d'Oro
Collombey-Muraz
Collonge-Bellerive
Collonges
Cologny
Comano
Commugny
Concise
Confignon
Conters im Prättigau
Conthey
Coppet
Corbeyrier
Corbières
Corcelles (BE)
Corcelles-Cormondrèche
Corcelles-le-Jorat
Corcelles-près-Concise
Corcelles-près-Payerne
Corgémont
Corippo
Corminboeuf
Cormoret
Cornaux
Cornol
Corseaux
Corserey
Corsier (GE)
Corsier-sur-Vevey
Cortaillod
Cortébert
Cossonay
Cottens (FR)
Cottens (VD)
Courchapoix
Courchavon
Courgenay
Courgevaux
Courrendlin
Courroux
Court
Courtedoux
Courtelary
Courtepin
Courtételle
Crans-Montana
Crans-près-Céligny
Crassier
Crémines
Cressier (FR)
Cressier (NE)
Crésuz
Crissier
Croglio
Cronay
Croy
Cuarnens
Cuarny
Cudrefin
Cugnasco-Gerra
Cugy (FR)
Cugy (VD)
Cureglia
Curio
Curtilles
Dachsen
Dägerlen
Dagmersellen
Daillens
Dallenwil
Dällikon
Dalpe
Damphreux
Däniken
Dänikon
Dardagny
Därligen
Därstetten
Dättlikon
Davos
Degersheim
Deisswil bei Münchenbuchsee
Deitingen
Delémont
Delley-Portalban
Démoret
Denens
Denges
Densbüren
Derendingen
Develier
Diegten
Dielsdorf
Diemerswil
Diemtigen
Diepflingen
Diepoldsau
Dierikon
Diessbach bei Büren
Diessenhofen
Dietikon
Dietlikon
Dietwil
Dinhard
Dintikon
Disentis
Mustér
Dittingen
Dizy
Domat
Ems
Domleschg
Dompierre (VD)
Donat
Donneloye
Doppleschwand
Dorénaz
Dorf
Dörflingen
Dornach
Dottikon
Döttingen
Dotzigen
Dozwil
Drei Höfe
Dübendorf
Düdingen
Duggingen
Duillier
Dulliken
Dully
Dürnten
Dürrenäsch
Dürrenroth
Ebersecken
Ebikon
Ebnat-Kappel
Echallens
Echandens
Echarlens
Echichens
Eclépens
Ecublens (FR)
Ecublens (VD)
Ederswiler
Effingen
Egerkingen
Egg
Eggenwil
Eggerberg
Eggersriet
Eggiwil
Eglisau
Egliswil
Egnach
Egolzwil
Ehrendingen
Eich
Eichberg
Eiken
Einsiedeln
Eischoll
Eisten
Elfingen
Elgg
Ellikon an der Thur
Elsau
Embd
Embrach
Emmen
Emmetten
Endingen
Engelberg
Enges
Ennetbaden
Ennetbürgen
Ennetmoos
Entlebuch
Epalinges
Ependes (FR)
Ependes (VD)
Eppenberg-Wöschnau
Epsach
Eptingen
Ergisch
Eriswil
Eriz
Erlach
Erlen
Erlenbach (ZH)
Erlenbach im Simmental
Erlinsbach (AG)
Erlinsbach (SO)
Ermatingen
Ermensee
Ernen
Erschwil
Ersigen
Erstfeld
Eschenbach (LU)
Eschenbach (SG)
Eschenz
Eschert
Eschlikon
Escholzmatt-Marbach
Essertes
Essertines-sur-Rolle
Essertines-sur-Yverdon
Estavayer
Etagnières
Etoy
Ettingen
Ettiswil
Etziken
Evilard
Evionnaz
Evolène
Eysins
Fahrni
Fahrwangen
Fahy
Faido
Falera
Fällanden
Faoug
Farnern
Féchy
Fehraltorf
Fehren
Felben-Wellhausen
Feldbrunnen-St. Niklaus
Felsberg
Ferden
Ferenbalm
Ferpicloz
Ferrera
Ferreyres
Fétigny
Feuerthalen
Feusisberg
Fey
Fideris
Fiesch
Fieschertal
Fiez
Finhaut
Finsterhennen
Fischbach
Fischbach-Göslikon
Fischenthal
Fischingen
Fisibach
Fislisbach
Flaach
Fläsch
Flawil
Flerden
Flims
Flüelen
Flühli
Flumenthal
Flums
Flurlingen
Fontaines-sur-Grandson
Fontenais
Forel (Lavaux)
Forst-Längenbühl
Founex
Fräschels
Frasco
Fraubrunnen
Frauenfeld
Frauenkappelen
Freienbach
Freienstein-Teufen
Freienwil
Freimettigen
Frenkendorf
Fribourg
Frick
Froideville
Frutigen
Fulenbach
Füllinsdorf
Full-Reuenthal
Fully
Furna
Fürstenau
Gächlingen
Gachnang
Gais
Gaiserwald
Galgenen
Galmiz
Gals
Gambarogno
Gampel-Bratsch
Gampelen
Gams
Gänsbrunnen
Gansingen
Gebenstorf
Gelterkinden
Geltwil
Gempen
Gempenach
Genève
Genolier
Genthod
Gerlafingen
Geroldswil
Gersau
Gerzensee
Gettnau
Geuensee
Gibloux
Giebenach
Giez
Giffers
Gilly
Gimel
Gingins
Giornico
Gipf-Oberfrick
Gisikon
Giswil
Givisiez
Givrins
Gland
Glarus
Glarus Nord
Glarus Süd
Glattfelden
Gletterens
Goldach
Gollion
Gommiswald
Goms
Gondiswil
Gonten
Gontenschwil
Gordola
Göschenen
Gossau (SG)
Gossau (ZH)
Gottlieben
Goumoens
Graben
Grabs
Grächen
Grancia
Grancy
Grandcour
Grandevent
Grandfontaine
Grandson
Grandval
Grandvillard
Granges (Veveyse)
Granges-Paccot
Grangettes
Gränichen
Gravesano
Greifensee
Grellingen
Grenchen
Greng
Grengiols
Grens
Greppen
Gretzenbach
Grimisuat
Grindel
Grindelwald
Grolley
Grone
Grono
Grossaffoltern
Grossdietwil
Grosshöchstetten
Grosswangen
Grub (AR)
Grüningen
Grüsch
Gruyères
Gryon
Gsteig
Gsteigwiler
Guggisberg
Gündlischwand
Günsberg
Gunzgen
Gurbrü
Gurmels
Gurtnellen
Gurzelen
Guttannen
Guttet-Feschel
Güttingen
Gy
Habkern
Habsburg
Häfelfingen
Hagenbuch
Hägendorf
Häggenschwil
Hägglingen
Hagneck
Haldenstein
Hallau
Hallwil
Halten
Härkingen
Hasle (LU)
Hasle bei Burgdorf
Hasliberg
Hauenstein-Ifenthal
Hauptwil-Gottshaus
Hausen (AG)
Hausen am Albis
Haute-Ajoie
Hauterive (FR)
Hauterive (NE)
Haute-Sorne
Hauteville
Haut-Intyamon
Häutligen
Hedingen
Hefenhofen
Heiden
Heiligenschwendi
Heimberg
Heimenhausen
Heimiswil
Heitenried
Hellikon
Hellsau
Hemberg
Hemishofen
Hemmiken
Hendschiken
Henggart
Henniez
Herbetswil
Herbligen
Herdern
Hérémence
Hergiswil (NW)
Hergiswil bei Willisau
Herisau
Hermance
Hermenches
Hermrigen
Herrliberg
Hersberg
Herznach
Herzogenbuchsee
Hettlingen
Hildisrieden
Hilterfingen
Himmelried
Hindelbank
Hinwil
Hirschthal
Hittnau
Hitzkirch
Hochdorf
Hochfelden
Höchstetten
Hochwald
Hofstetten bei Brienz
Hofstetten-Flüh
Hohenrain
Hohentannen
Holderbank (AG)
Holderbank (SO)
Hölstein
Holziken
Homberg
Hombrechtikon
Homburg
Honau
Horgen
Höri
Horn
Hornussen
Horrenbach-Buchen
Horriwil
Horw
Hospental
Hubersdorf
Humlikon
Hundwil
Hünenberg
Hüniken
Hüntwangen
Hunzenschwil
Hüttikon
Hüttlingen
Huttwil
Hüttwilen
Icogne
Iffwil
Ilanz
Glion
Illgau
Illnau-Effretikon
Inden
Ingenbohl
Inkwil
Innerthal
Innertkirchen
Ins
Interlaken
Inwil
Ipsach
Iseltwald
Isenthal
Isérables
Islisberg
Isone
Itingen
Ittigen
Jaberg
Jaun
Jegenstorf
Jenaz
Jenins
Jens
Jonen
Jongny
Jonschwil
Jorat-Menthue
Jorat-Mézières
Jouxtens-Mézery
Juriens
Jussy
Kaiseraugst
Kaiserstuhl
Kaisten
Kallern
Kallnach
Kaltbrunn
Kammersrohr
Kandergrund
Kandersteg
Känerkinden
Kappel (SO)
Kappel am Albis
Kappelen
Kaufdorf
Kehrsatz
Kemmental
Kernenried
Kerns
Kerzers
Kesswil
Kestenholz
Kienberg
Kiesen
Kilchberg (BL)
Kilchberg (ZH)
Killwangen
Kippel
Kirchberg (BE)
Kirchberg (SG)
Kirchdorf (BE)
Kirchenthurnen
Kirchleerau
Kirchlindach
Kleinandelfingen
Kleinbösingen
Kleinlützel
Klingnau
Klosters-Serneus
Kloten
Knonau
Knutwil
Koblenz
Kölliken
Köniz
Konolfingen
Koppigen
Kradolf-Schönenberg
Krattigen
Krauchthal
Kreuzlingen
Kriechenwil
Kriegstetten
Kriens
Küblis
Künten
Küsnacht (ZH)
Küssnacht (SZ)
Küttigen
La Baroche
La Brévine
La Brillaz
La Chaux (Cossonay)
La Chaux-de-Fonds
La Chaux-des-Breuleux
La Chaux-du-Milieu
La Cote-aux-Fées
La Ferrière
La Folliaz
La Grande-Béroche
La Neuveville
La Praz
La Punt-Chamues-ch
La Rippe
La Roche
La Sagne
La Sarraz
La Sonnaz
La Tène
La Tour-de-Peilz
La Verrerie
Laax
L'Abbaye
L'Abergement
Lachen
Laconnex
Lajoux (JU)
Lalden
Lamone
Lampenberg
Lancy
Landiswil
Landquart
Langenbruck
Langendorf
Langenthal
Langnau am Albis
Langnau im Emmental
Langrickenbach
Lantsch
Lenz
Lauenen
Lauerz
Läufelfingen
Laufen
Laufenburg
Laufen-Uhwiesen
Laupen
Laupersdorf
Lauperswil
Lausanne
Lausen
Lauterbrunnen
Lauwil
Lavertezzo
Lavey-Morcles
Lavigny
Lavizzara
Lax
Le Bémont (JU)
Le Cerneux-Péquignot
Le Châtelard
Le Chenit
Le Flon
Le Grand-Saconnex
Le Landeron
Le Lieu
Le Locle
Le Mont-sur-Lausanne
Le Mouret
Le Noirmont
Le Pâquier (FR)
Le Vaud
Leibstadt
Leimbach (AG)
Leissigen
Lengnau (AG)
Lengnau (BE)
Lengwil
Lenk
Lens
Lenzburg
Les Bois
Les Brenets
Les Breuleux
Les Clées
Les Enfers
Les Genevez (JU)
Les Montets
Les Planchettes
Les Ponts-de-Martel
Les Verrières
Leuggern
Leuk
Leukerbad
Leutwil
Leuzigen
Leysin
Leytron
Lichtensteig
Liddes
Liedertswil
Liesberg
Liestal
Ligerz
Lignerolle
Lignières
Lindau
Linden
Linescio
L'Isle
Locarno
Lohn (GR)
Lohn (SH)
Lohn-Ammannsegg
Löhningen
Lohnstorf
Lommis
Lommiswil
Lonay
Longirod
Losone
Lostallo
Lostorf
Lotzwil
Lovatens
Loveresse
Lucens
Lufingen
Lugano
Lugnez
Luins
Lully (FR)
Lully (VD)
Lumino
Lumnezia
Lungern
Lupfig
Lupsingen
Lüscherz
Lussery-Villars
Lüsslingen-Nennigkofen
Lussy-sur-Morges
Luterbach
Lüterkofen-Ichertswil
Lüterswil-Gächliwil
Luthern
Lütisburg
Lutry
Lütschental
Lützelflüh
Lutzenberg
Luzein
Luzern
Lyss
Lyssach
Madiswil
Madulain
Magden
Mägenwil
Maggia
Magliaso
Maienfeld
Maisprach
Maladers
Malans
Malters
Mammern
Mandach
Männedorf
Manno
Maracon
Marbach (SG)
Marchissy
Marly
Maroggia
Marsens
Märstetten
Marthalen
Martigny
Martigny-Combe
Maschwanden
Masein
Massagno
Massongex
Massonnens
Mathod
Mathon
Matran
Matten bei Interlaken
Mattstetten
Matzendorf
Matzingen
Mauborget
Mauensee
Maur
Mauraz
Medel (Lucmagn)
Meggen
Meienried
Meierskappel
Meikirch
Meilen
Meinier
Meinisberg
Meiringen
Meisterschwanden
Melano
Melchnau
Melide
Mellikon
Mellingen
Mels
Meltingen
Mendrisio
Ménières
Menziken
Menzingen
Menznau
Merenschwand
Mergoscia
Merishausen
Mervelier
Merzligen
Mesocco
Messen
Mettauertal
Mettembert
Mettmenstetten
Metzerlen-Mariastein
Mex (VD)
Meyriez
Meyrin
Mézières (FR)
Mezzovico-Vira
Miège
Mies
Miglieglia
Milvignes
Minusio
Mirchel
Misery-Courtion
Missy
Möhlin
Moiry
Mollens (VD)
Molondin
Mönchaltorf
Montagny (FR)
Montagny-près-Yverdon
Montanaire
Montcherand
Monteceneri
Monteggio
Montet (Glâne)
Montfaucon
Mönthal
Montherod
Monthey
Montilliez
Mont-la-Ville
Mont-Noble
Montpreveyres
Montreux
Montricher
Mont-sur-Rolle
Mont-Tramelan
Mont-Vully
Moosleerau
Moosseedorf
Morbio Inferiore
Morcote
Mörel-Filet
Morges
Mörigen
Möriken-Wildegg
Morlon
Morrens (VD)
Morschach
Mörschwil
Mosnang
Mötschwil
Moudon
Moutier
Movelier
Muhen
Mühlau
Mühleberg
Mühlethurnen
Müllheim
Mülligen
Mümliswil-Ramiswil
Mumpf
Münchenbuchsee
Münchenstein
Münchenwiler
Münchwilen (AG)
Münchwilen (TG)
Münsingen
Münsterlingen
Muntelier
Müntschemier
Muolen
Muotathal
Muralto
Murgenthal
Muri (AG)
Muri bei Bern
Muriaux
Murten
Mutrux
Muttenz
Muzzano
Naters
Nebikon
Neckertal
Neerach
Neftenbach
Neggio
Nendaz
Nenzlingen
Nesslau
Neuchâtel
Neuendorf
Neuenegg
Neuenhof
Neuenkirch
Neuhausen am Rheinfall
Neuheim
Neunforn
Neunkirch
Neyruz
Nidau
Niederbipp
Niederbuchsiten
Niederbüren
Niederdorf
Niedergesteln
Niederglatt
Niedergösgen
Niederhasli
Niederhelfenschwil
Niederhünigen
Niederlenz
Niedermuhlern
Niederönz
Niederried bei Interlaken
Niederrohrdorf
Niederweningen
Niederwil (AG)
Nods
Noréaz
Nottwil
Novaggio
Novalles
Novazzano
Noville
Nuglar-St. Pantaleon
Nunningen
Nürensdorf
Nusshof
Nuvilly
Nyon
Oberägeri
Oberbalm
Oberbipp
Oberbuchsiten
Oberbüren
Oberburg
Oberdiessbach
Oberdorf (BL)
Oberdorf (NW)
Oberdorf (SO)
Oberegg
Oberembrach
Oberems
Oberengstringen
Oberentfelden
Obergerlafingen
Oberglatt
Obergoms
Obergösgen
Oberhallau
Oberhelfenschwil
Oberhof
Oberhofen am Thunersee
Oberhünigen
Oberiberg
Oberkirch
Oberkulm
Oberlangenegg
Oberlunkhofen
Obermumpf
Oberried am Brienzersee
Oberrieden
Oberriet (SG)
Oberrohrdorf
Oberrüti
Obersaxen Mundaun
Obersiggenthal
Obersteckholz
Oberthal
Oberuzwil
Oberweningen
Oberwil (BL)
Oberwil bei Büren
Oberwil im Simmental
Oberwil-Lieli
Obfelden
Ochlenberg
Oekingen
Oensingen
Oeschenbach
Oeschgen
Oetwil am See
Oetwil an der Limmat
Oftringen
Ogens
Ollon
Olsberg
Olten
Oltingen
Onex
Onnens (VD)
Onsernone
Opfikon
Oppens
Oppligen
Orbe
Orges
Origlio
Ormalingen
Ormont-Dessous
Ormont-Dessus
Orny
Oron
Orpund
Orselina
Orsières
Orvin
Orzens
Ossingen
Ostermundigen
Otelfingen
Othmarsingen
Ottenbach
Oulens-sous-Echallens
Pailly
Pampigny
Paradiso
Paudex
Payerne
Penthalaz
Penthaz
Penthéréaz
Perly-Certoux
Perrefitte
Perroy
Personico
Péry-La Heutte
Peseux
Petit-Val
Pfäfers
Pfäffikon
Pfaffnau
Pfeffingen
Pfungen
Pfyn
Pierrafortscha
Pieterlen
Plaffeien
Plan-les-Ouates
Plasselb
Plateau de Diesse
Pleigne
Pohlern
Poliez-Pittet
Pollegio
Pompaples
Pomy
Ponte Capriasca
Ponte Tresa
Pont-en-Ogoz
Ponthaux
Pont-la-Ville
Pontresina
Porrentruy
Port
Port-Valais
Porza
Poschiavo
Prangins
Prato (Leventina)
Pratteln
Pregny-Chambésy
Premier
Presinge
Préverenges
Prévondavaux
Prévonloup
Prez-vers-Noréaz
Prilly
Provence
Puidoux
Pully
Puplinge
Pura
Quarten
Quinto
Radelfingen
Rafz
Rain
Ramlinsburg
Ramsen
Rances
Randa
Raperswilen
Rapperswil (BE)
Rapperswil-Jona
Raron
Realp
Rebeuvelier
Rebstein
Recherswil
Rechthalten
Reconvilier
Regensberg
Regensdorf
Rehetobel
Reichenbach im Kandertal
Reichenburg
Reiden
Reigoldswil
Reinach (AG)
Reinach (BL)
Reisiswil
Reitnau
Rekingen (AG)
Remaufens
Remetschwil
Remigen
Renan (BE)
Renens (VD)
Rennaz
Reute (AR)
Reutigen
Reverolle
Rhäzüns
Rheinau
Rheineck
Rheinfelden
Rheinwald
Riaz
Richterswil
Rickenbach (BL)
Rickenbach (LU)
Rickenbach (SO)
Rickenbach (TG)
Rickenbach (ZH)
Riddes
Ried bei Kerzers
Ried-Brig
Riederalp
Riedholz
Riehen
Riemenstalden
Rietheim
Rifferswil
Riggisberg
Ringgenberg (BE)
Riniken
Risch
Riva San Vitale
Rivaz
Riviera
Roche (VD)
Rochefort
Roches (BE)
Rodersdorf
Roggenburg
Roggliswil
Roggwil (BE)
Roggwil (TG)
Rohr (SO)
Rohrbach
Rohrbachgraben
Rolle
Romainmotier-Envy
Romanel-sur-Lausanne
Romanel-sur-Morges
Romanshorn
Römerswil
Romont (BE)
Romont (FR)
Romoos
Ronco sopra Ascona
Rongellen
Root
Ropraz
Rorbas
Rorschach
Rorschacherberg
Röschenz
Rossa
Rossemaison
Rossenges
Rossinière
Röthenbach im Emmental
Rothenbrunnen
Rothenburg
Rothenfluh
Rothenthurm
Rothrist
Rottenschwil
Rougemont
Roveredo (GR)
Rovio
Rovray
Rubigen
Rüderswil
Rüdlingen
Rudolfstetten-Friedlisberg
Rüdtligen-Alchenflüh
Rue
Rüeggisberg
Rüegsau
Rueyres
Rüfenach
Rumendingen
Rümikon
Rumisberg
Rümlang
Rümligen
Rümlingen
Rünenberg
Rupperswil
Rüschegg
Rüschlikon
Russikon
Russin
Ruswil
Rüte
Rüthi (SG)
Rüti (ZH)
Rüti bei Büren
Rüti bei Lyssach
Rütschelen
Rüttenen
Saanen
Saas-Almagell
Saas-Balen
Saas-Fee
Saas-Grund
Sachseln
Safenwil
Safiental
Safnern
Sagogn
Saicourt
Saignelégier
Saillon
Saint-Aubin (FR)
Saint-Barthélemy (VD)
Saint-Blaise
Saint-Brais
Saint-Cergue
Sainte-Croix
Saint-George
Saint-Gingolph
Saint-Imier
Saint-Légier-La Chiésaz
Saint-Léonard
Saint-Livres
Saint-Martin (FR)
Saint-Martin (VS)
Saint-Maurice
Saint-Oyens
Saint-Prex
Saint-Saphorin (Lavaux)
Saint-Sulpice (VD)
Salenstein
Sâles
Salgesch
Salmsach
Salvan
Samedan
Samnaun
San Vittore
Santa Maria in Calanca
Sant'Antonino
Sargans
Sarmenstorf
Sarnen
Satigny
Sattel
Saubraz
Sauge
Saulcy
Saules (BE)
Savièse
Savigny
Savosa
Saxeten
Saxon
Schaffhausen
Schafisheim
S-chanf
Schangnau
Schänis
Scharans
Schattdorf
Schattenhalb
Schelten
Schenkon
Scheuren
Schiers
Schinznach
Schinznach-Bad
Schlatt (TG)
Schlatt (ZH)
Schlatt-Haslen
Schleinikon
Schleitheim
Schlierbach
Schlieren
Schlossrued
Schluein
Schmerikon
Schmiedrued
Schmitten (FR)
Schmitten (GR)
Schneisingen
Schnottwil
Schöfflisdorf
Schöftland
Schönenbuch
Schönengrund
Schönenwerd
Schongau
Schönholzerswilen
Schötz
Schübelbach
Schupfart
Schüpfen
Schüpfheim
Schwaderloch
Schwadernau
Schwanden bei Brienz
Schwarzenberg
Schwarzenburg
Schwarzhäusern
Schwellbrunn
Schwende
Schwendibach
Schwerzenbach
Schwyz
Scuol
Seeberg
Seedorf (BE)
Seedorf (UR)
Seegräben
Seehof
Seelisberg
Seengen
Seewen
Seewis im Prättigau
Seftigen
Seltisberg
Selzach
Sembrancher
Sempach
Semsales
Senarclens
Senèdes
Sennwald
Seon
Sergey
Serravalle
Servion
Sessa
Seuzach
Sévaz
Sevelen
Sévery
Siblingen
Sierre
Siglistorf
Signau
Signy-Avenex
Sigriswil
Silenen
Sils im Domleschg
Sils im Engadin
Segl
Silvaplana
Simplon
Sins
Sion
Sirnach
Siselen
Sisikon
Sissach
Sisseln
Siviriez
Soazza
Solothurn
Sommeri
Sonceboz-Sombeval
Sonogno
Sonvilier
Soral
Sorengo
Sorens
Sorvilier
Soubey
Soyhières
Speicher
Spiez
Spiringen
Spreitenbach
St. Antoni
St. Gallen
St. Margrethen
St. Moritz
St. Niklaus
St. Silvester
St. Stephan
St. Ursen
Stabio
Stadel
Stäfa
Staffelbach
Stalden (VS)
Staldenried
Stallikon
Stammheim
Stans
Stansstad
Starrkirch-Wil
Staufen
Steckborn
Steffisburg
Steg-Hohtenn
Stein (AG)
Stein (AR)
Stein am Rhein
Steinach
Steinen
Steinerberg
Steinhausen
Steinmaur
Stetten (AG)
Stetten (SH)
Stettfurt
Stettlen
Stocken-Höfen
Strengelbach
Studen (BE)
Stüsslingen
Subingen
Suchy
Sufers
Suhr
Sulgen
Sullens
Sumiswald
Sumvitg
Surpierre
Sursee
Surses
Suscévaz
Sutz-Lattrigen
Syens
Tafers
Tägerig
Tägerwilen
Tamins
Tannay
Tartegnin
Täsch
Täuffelen
Tavannes
Tecknau
Tegerfelden
Tenero-Contra
Tenniken
Tentlingen
Termen
Terre di Pedemonte
Teufen (AR)
Teufenthal (AG)
Teuffenthal (BE)
Tévenon
Thal
Thalheim (AG)
Thalheim an der Thur
Thalwil
Thayngen
Therwil
Thierachern
Thonex
Thörigen
Thun
Thundorf
Thunstetten
Thürnen
Thusis
Titterten
Tobel-Tägerschen
Toffen
Tolochenaz
Törbel
Torny
Torricella-Taverne
Trachselwald
Tramelan
Trasadingen
Treiten
Trélex
Trey
Treycovagnes
Treytorrens (Payerne)
Treyvaux
Triengen
Trient
Trimbach
Trimmis
Trin
Trogen
Troinex
Troistorrents
Trub
Trubschachen
Trüllikon
Trun
Truttikon
Tschappina
Tschiertschen-Praden
Tschugg
Tübach
Tuggen
Tujetsch
Turbenthal
Turgi
Turtmann-Unterems
Twann-Tüscherz
Udligenswil
Ueberstorf
Uebeschi
Ueken
Uerkheim
Uesslingen-Buch
Uetendorf
Uetikon am See
Uezwil
Ufhusen
Uitikon
Ulmiz
Unterägeri
Unterbäch
Untereggen
Unterengstringen
Unterentfelden
Unteriberg
Unterkulm
Unterlangenegg
Unterlunkhofen
Unterramsern
Unterschächen
Unterseen
Untersiggenthal
Untervaz
Urdorf
Urmein
Urnäsch
Ursenbach
Ursins
Ursy
Urtenen-Schönbühl
Uster
Uttigen
Uttwil
Utzenstorf
Uznach
Uzwil
Vacallo
Val Müstair
Val Terbi
Valangin
Valbirse
Valbroye
Val-de-Charmey
Val-de-Ruz
Val-de-Travers
Val-d'Illiez
Valeyres-sous-Montagny
Valeyres-sous-Rances
Valeyres-sous-Ursins
Vallon
Vallorbe
Vals
Valsot
Vandoeuvres
Varen
Vaulion
Vaulruz
Vaux-sur-Morges
Vaz
Obervaz
Vechigen
Veltheim (AG)
Vendlincourt
Venthone
Vernate
Vernayaz
Vernier
Vérossaz
Versoix
Vétroz
Vevey
Vex
Veyras
Veyrier
Veysonnaz
Veytaux
Vezia
Vich
Vico Morcote
Villarsel-sur-Marly
Villars-Epeney
Villars-le-Comte
Villars-le-Terroir
Villars-Sainte-Croix
Villars-sous-Yens
Villars-sur-Glâne
Villarzel
Villaz-Saint-Pierre
Villeneuve (VD)
Villeret
Villigen
Villmergen
Villnachern
Villorsonnens
Vilters-Wangs
Vinelz
Vinzel
Vionnaz
Visp
Visperterminen
Vitznau
Vogorno
Volken
Volketswil
Vollèges
Vordemwald
Vorderthal
Vouvry
Vuadens
Vuarrens
Vucherens
Vufflens-la-Ville
Vufflens-le-Château
Vugelles-La Mothe
Vuisternens-devant-Romont
Vuiteboeuf
Vulliens
Vullierens
Vully-les-Lacs
Wachseldorn
Wädenswil
Wagenhausen
Wahlen
Walchwil
Wald (AR)
Wald (BE)
Wald (ZH)
Waldenburg
Wäldi
Waldkirch
Waldstatt
Walenstadt
Walkringen
Wallbach
Wallisellen
Walliswil bei Niederbipp
Walliswil bei Wangen
Walperswil
Waltenschwil
Walterswil (BE)
Walterswil (SO)
Walzenhausen
Wangen (SZ)
Wangen an der Aare
Wangen bei Olten
Wangen-Brüttisellen
Wangenried
Wängi
Wartau
Warth-Weiningen
Wassen
Wasterkingen
Wattenwil
Wattwil
Wauwil
Weesen
Wegenstetten
Weggis
Weiach
Weinfelden
Weiningen (ZH)
Weisslingen
Welschenrohr
Wengi
Wenslingen
Werthenstein
Wettingen
Wettswil am Albis
Wetzikon (ZH)
Wichtrach
Widen
Widnau
Wiedlisbach
Wiesendangen
Wiggiswil
Wigoltingen
Wikon
Wil (SG)
Wil (ZH)
Wila
Wilchingen
Wildberg
Wilderswil
Wildhaus-Alt St. Johann
Wilen (TG)
Wiler (Lötschen)
Wiler bei Utzenstorf
Wileroltigen
Wiliberg
Willadingen
Willisau
Wimmis
Windisch
Winkel
Wintersingen
Winterthur
Winznau
Wisen (SO)
Wislikofen
Wittenbach
Witterswil
Wittinsburg
Wittnau
Wohlen
Wohlen bei Bern
Wohlenschwil
Wolfenschiessen
Wolfhalden
Wolfisberg
Wölflinswil
Wolfwil
Wolhusen
Wollerau
Worb
Worben
Wünnewil-Flamatt
Wuppenau
Würenlingen
Würenlos
Wynau
Wynigen
Wyssachen
Yens
Yverdon-les-Bains
Yvonand
Yvorne
Zäziwil
Zeglingen
Zeihen
Zeiningen
Zell (LU)
Zell (ZH)
Zeneggen
Zermatt
Zernez
Zetzwil
Ziefen
Zielebach
Zihlschlacht-Sitterdorf
Zillis-Reischen
Zizers
Zofingen
Zollikofen
Zollikon
Zuchwil
Zufikon
Zug
Zullwil
Zumikon
Zunzgen
Zuoz
Zürich
Zuzgen
Zuzwil (BE)
Zuzwil (SG)
Zweisimmen
Zwieselberg
Zwingen
Zwischbergen
